areaCode,areaName,areaType,date,totalDeaths,hospitalCases,newCasesByPublishDate
E92000001,England,nation,2022-07-13,,13741.0,171877.0
E92000001,England,nation,2022-07-12,,13621.0,0.0
E92000001,England,nation,2022-07-11,,13336.0,0.0
E92000001,England,nation,2022-07-10,,12879.0,0.0
E92000001,England,nation,2022-07-09,,12440.0,0.0
E92000001,England,nation,2022-07-08,,12283.0,0.0
E92000001,England,nation,2022-07-07,,11878.0,0.0
E92000001,England,nation,2022-07-06,,11465.0,120170.0
E92000001,England,nation,2022-07-05,,11049.0,0.0
E92000001,England,nation,2022-07-04,,10658.0,0.0
E92000001,England,nation,2022-07-03,,9956.0,0.0
E92000001,England,nation,2022-07-02,,9632.0,0.0
E92000001,England,nation,2022-07-01,21.0,9389.0,20731.0
E92000001,England,nation,2022-06-30,28.0,8928.0,21732.0
E92000001,England,nation,2022-06-29,40.0,8587.0,21428.0
E92000001,England,nation,2022-06-28,37.0,8120.0,21415.0
E92000001,England,nation,2022-06-27,39.0,7822.0,47332.0
E92000001,England,nation,2022-06-26,42.0,7455.0,0.0
E92000001,England,nation,2022-06-25,46.0,6973.0,0.0
E92000001,England,nation,2022-06-24,31.0,6752.0,16489.0
E92000001,England,nation,2022-06-23,37.0,6401.0,17481.0
E92000001,England,nation,2022-06-22,48.0,6177.0,17202.0
E92000001,England,nation,2022-06-21,31.0,6002.0,16432.0
E92000001,England,nation,2022-06-20,37.0,5726.0,36452.0
E92000001,England,nation,2022-06-19,32.0,5436.0,0.0
E92000001,England,nation,2022-06-18,31.0,5183.0,0.0
E92000001,England,nation,2022-06-17,31.0,5037.0,12065.0
E92000001,England,nation,2022-06-16,37.0,5008.0,12080.0
E92000001,England,nation,2022-06-15,37.0,4843.0,13401.0
E92000001,England,nation,2022-06-14,26.0,4722.0,12031.0
E92000001,England,nation,2022-06-13,25.0,4602.0,28249.0
E92000001,England,nation,2022-06-12,33.0,4408.0,0.0
E92000001,England,nation,2022-06-11,27.0,4257.0,0.0
E92000001,England,nation,2022-06-10,29.0,4262.0,9217.0
E92000001,England,nation,2022-06-09,18.0,4082.0,9741.0
E92000001,England,nation,2022-06-08,28.0,4096.0,9298.0
E92000001,England,nation,2022-06-07,24.0,4108.0,10240.0
E92000001,England,nation,2022-06-06,34.0,4126.0,29155.0
E92000001,England,nation,2022-06-05,23.0,3965.0,0.0
E92000001,England,nation,2022-06-04,30.0,3835.0,0.0
E92000001,England,nation,2022-06-03,20.0,3849.0,0.0
E92000001,England,nation,2022-06-02,36.0,3841.0,0.0
E92000001,England,nation,2022-06-01,23.0,3800.0,5313.0
E92000001,England,nation,2022-05-31,39.0,4036.0,5802.0
E92000001,England,nation,2022-05-30,40.0,4091.0,13590.0
E92000001,England,nation,2022-05-29,19.0,4018.0,0.0
E92000001,England,nation,2022-05-28,29.0,4013.0,0.0
E92000001,England,nation,2022-05-27,36.0,4197.0,4661.0
E92000001,England,nation,2022-05-26,37.0,4365.0,5293.0
E92000001,England,nation,2022-05-25,25.0,4489.0,5810.0
E92000001,England,nation,2022-05-24,37.0,4639.0,6352.0
E92000001,England,nation,2022-05-23,50.0,5010.0,14592.0
E92000001,England,nation,2022-05-22,41.0,5047.0,0.0
E92000001,England,nation,2022-05-21,35.0,5065.0,0.0
E92000001,England,nation,2022-05-20,52.0,5187.0,6003.0
E92000001,England,nation,2022-05-19,25.0,5356.0,6704.0
E92000001,England,nation,2022-05-18,37.0,5425.0,7388.0
E92000001,England,nation,2022-05-17,55.0,5733.0,8102.0
E92000001,England,nation,2022-05-16,50.0,6024.0,16903.0
E92000001,England,nation,2022-05-15,58.0,6158.0,0.0
E92000001,England,nation,2022-05-14,53.0,6147.0,0.0
E92000001,England,nation,2022-05-13,62.0,6366.0,6511.0
E92000001,England,nation,2022-05-12,50.0,6602.0,10874.0
E92000001,England,nation,2022-05-11,57.0,7034.0,8036.0
E92000001,England,nation,2022-05-10,79.0,7363.0,9751.0
E92000001,England,nation,2022-05-09,69.0,7647.0,21712.0
E92000001,England,nation,2022-05-08,71.0,7715.0,0.0
E92000001,England,nation,2022-05-07,77.0,7768.0,0.0
E92000001,England,nation,2022-05-06,84.0,8170.0,9405.0
E92000001,England,nation,2022-05-05,69.0,8596.0,10311.0
E92000001,England,nation,2022-05-04,77.0,8950.0,14596.0
E92000001,England,nation,2022-05-03,79.0,9243.0,29029.0
E92000001,England,nation,2022-05-02,87.0,9326.0,0.0
E92000001,England,nation,2022-05-01,96.0,9355.0,0.0
E92000001,England,nation,2022-04-30,89.0,9499.0,0.0
E92000001,England,nation,2022-04-29,78.0,9938.0,9705.0
E92000001,England,nation,2022-04-28,107.0,10432.0,10945.0
E92000001,England,nation,2022-04-27,110.0,10965.0,13481.0
E92000001,England,nation,2022-04-26,91.0,11320.0,13045.0
E92000001,England,nation,2022-04-25,104.0,11992.0,35925.0
E92000001,England,nation,2022-04-24,104.0,12083.0,0.0
E92000001,England,nation,2022-04-23,120.0,12156.0,0.0
E92000001,England,nation,2022-04-22,118.0,12883.0,15832.0
E92000001,England,nation,2022-04-21,128.0,13392.0,18475.0
E92000001,England,nation,2022-04-20,132.0,14164.0,20767.0
E92000001,England,nation,2022-04-19,126.0,14607.0,93281.0
E92000001,England,nation,2022-04-18,140.0,14183.0,0.0
E92000001,England,nation,2022-04-17,133.0,14254.0,0.0
E92000001,England,nation,2022-04-16,139.0,14335.0,0.0
E92000001,England,nation,2022-04-15,139.0,14394.0,0.0
E92000001,England,nation,2022-04-14,160.0,14955.0,27283.0
E92000001,England,nation,2022-04-13,180.0,15399.0,29335.0
E92000001,England,nation,2022-04-12,153.0,16131.0,31230.0
E92000001,England,nation,2022-04-11,153.0,16442.0,75194.0
E92000001,England,nation,2022-04-10,157.0,16039.0,0.0
E92000001,England,nation,2022-04-09,142.0,15876.0,0.0
E92000001,England,nation,2022-04-08,193.0,16366.0,33782.0
E92000001,England,nation,2022-04-07,180.0,16600.0,38678.0
E92000001,England,nation,2022-04-06,161.0,16587.0,42392.0
E92000001,England,nation,2022-04-05,158.0,16552.0,41436.0
E92000001,England,nation,2022-04-04,137.0,16466.0,122027.0
E92000001,England,nation,2022-04-03,147.0,15989.0,0.0
E92000001,England,nation,2022-04-02,166.0,15739.0,0.0
E92000001,England,nation,2022-04-01,160.0,15966.0,60220.0
E92000001,England,nation,2022-03-31,146.0,15648.0,62816.0
E92000001,England,nation,2022-03-30,146.0,15632.0,74419.0
E92000001,England,nation,2022-03-29,150.0,15411.0,64935.0
E92000001,England,nation,2022-03-28,133.0,15170.0,183459.0
E92000001,England,nation,2022-03-27,123.0,14465.0,0.0
E92000001,England,nation,2022-03-26,126.0,13796.0,0.0
E92000001,England,nation,2022-03-25,133.0,13842.0,63371.0
E92000001,England,nation,2022-03-24,114.0,13602.0,79373.0
E92000001,England,nation,2022-03-23,119.0,13248.0,85916.0
E92000001,England,nation,2022-03-22,118.0,13060.0,74804.0
E92000001,England,nation,2022-03-21,117.0,12753.0,188925.0
E92000001,England,nation,2022-03-20,121.0,12070.0,0.0
E92000001,England,nation,2022-03-19,119.0,11638.0,0.0
E92000001,England,nation,2022-03-18,119.0,11595.0,68492.0
E92000001,England,nation,2022-03-17,105.0,11346.0,75681.0
E92000001,England,nation,2022-03-16,104.0,11010.0,76366.0
E92000001,England,nation,2022-03-15,98.0,10877.0,64313.0
E92000001,England,nation,2022-03-14,111.0,10576.0,163954.0
E92000001,England,nation,2022-03-13,78.0,9908.0,0.0
E92000001,England,nation,2022-03-12,96.0,9618.0,0.0
E92000001,England,nation,2022-03-11,97.0,9369.0,55883.0
E92000001,England,nation,2022-03-10,90.0,9241.0,52722.0
E92000001,England,nation,2022-03-09,86.0,9163.0,51378.0
E92000001,England,nation,2022-03-08,98.0,9176.0,44918.0
E92000001,England,nation,2022-03-07,91.0,8923.0,95324.0
E92000001,England,nation,2022-03-06,62.0,8502.0,0.0
E92000001,England,nation,2022-03-05,81.0,8400.0,0.0
E92000001,England,nation,2022-03-04,85.0,8403.0,31776.0
E92000001,England,nation,2022-03-03,76.0,8210.0,32858.0
E92000001,England,nation,2022-03-02,107.0,8402.0,32077.0
E92000001,England,nation,2022-03-01,82.0,8486.0,26711.0
E92000001,England,nation,2022-02-28,82.0,8538.0,60595.0
E92000001,England,nation,2022-02-27,90.0,8305.0,0.0
E92000001,England,nation,2022-02-26,77.0,8197.0,0.0
E92000001,England,nation,2022-02-25,89.0,8498.0,23526.0
E92000001,England,nation,2022-02-24,93.0,8645.0,28193.0
E92000001,England,nation,2022-02-23,90.0,8868.0,29703.0
E92000001,England,nation,2022-02-22,89.0,8948.0,30080.0
E92000001,England,nation,2022-02-21,90.0,9229.0,29753.0
E92000001,England,nation,2022-02-20,103.0,9058.0,23831.0
E92000001,England,nation,2022-02-19,97.0,9187.0,32230.0
E92000001,England,nation,2022-02-18,100.0,9258.0,36900.0
E92000001,England,nation,2022-02-17,103.0,9600.0,40376.0
E92000001,England,nation,2022-02-16,104.0,9804.0,42756.0
E92000001,England,nation,2022-02-15,101.0,10019.0,36471.0
E92000001,England,nation,2022-02-14,126.0,10273.0,31943.0
E92000001,England,nation,2022-02-13,110.0,10049.0,32316.0
E92000001,England,nation,2022-02-12,126.0,10010.0,37791.0
E92000001,England,nation,2022-02-11,120.0,10367.0,46736.0
E92000001,England,nation,2022-02-10,105.0,10734.0,53993.0
E92000001,England,nation,2022-02-09,116.0,11071.0,59193.0
E92000001,England,nation,2022-02-08,134.0,11471.0,58453.0
E92000001,England,nation,2022-02-07,121.0,11710.0,48601.0
E92000001,England,nation,2022-02-06,129.0,11529.0,49533.0
E92000001,England,nation,2022-02-05,146.0,11604.0,57377.0
E92000001,England,nation,2022-02-04,141.0,12032.0,73185.0
E92000001,England,nation,2022-02-03,162.0,12423.0,77189.0
E92000001,England,nation,2022-02-02,158.0,12577.0,81446.0
E92000001,England,nation,2022-02-01,163.0,12896.0,103353.0
E92000001,England,nation,2022-01-31,172.0,13331.0,81720.0
E92000001,England,nation,2022-01-30,166.0,12992.0,59559.0
E92000001,England,nation,2022-01-29,159.0,12672.0,69137.0
E92000001,England,nation,2022-01-28,160.0,13462.0,78711.0
E92000001,England,nation,2022-01-27,172.0,13651.0,85288.0
E92000001,England,nation,2022-01-26,174.0,13948.0,90587.0
E92000001,England,nation,2022-01-25,156.0,14088.0,84302.0
E92000001,England,nation,2022-01-24,196.0,14563.0,77232.0
E92000001,England,nation,2022-01-23,181.0,14334.0,68913.0
E92000001,England,nation,2022-01-22,190.0,14320.0,73331.0
E92000001,England,nation,2022-01-21,211.0,14865.0,85902.0
E92000001,England,nation,2022-01-20,164.0,15302.0,95974.0
E92000001,England,nation,2022-01-19,176.0,15742.0,96545.0
E92000001,England,nation,2022-01-18,197.0,16218.0,84987.0
E92000001,England,nation,2022-01-17,194.0,16621.0,74249.0
E92000001,England,nation,2022-01-16,205.0,16372.0,66273.0
E92000001,England,nation,2022-01-15,207.0,16281.0,74576.0
E92000001,England,nation,2022-01-14,199.0,16537.0,87857.0
E92000001,England,nation,2022-01-13,184.0,16716.0,97770.0
E92000001,England,nation,2022-01-12,196.0,16881.0,116173.0
E92000001,England,nation,2022-01-11,201.0,16939.0,104833.0
E92000001,England,nation,2022-01-10,198.0,17120.0,115998.0
E92000001,England,nation,2022-01-09,198.0,16399.0,121228.0
E92000001,England,nation,2022-01-08,184.0,16034.0,130330.0
E92000001,England,nation,2022-01-07,201.0,16163.0,149405.0
E92000001,England,nation,2022-01-06,179.0,16058.0,152306.0
E92000001,England,nation,2022-01-05,156.0,15659.0,150232.0
E92000001,England,nation,2022-01-04,151.0,15044.0,148725.0
E92000001,England,nation,2022-01-03,149.0,14210.0,137541.0
E92000001,England,nation,2022-01-02,142.0,13151.0,123547.0
E92000001,England,nation,2022-01-01,148.0,12615.0,162572.0
E92000001,England,nation,2021-12-31,132.0,12395.0,160276.0
E92000001,England,nation,2021-12-30,155.0,11452.0,146604.0
E92000001,England,nation,2021-12-29,104.0,10462.0,138287.0
E92000001,England,nation,2021-12-28,134.0,9546.0,117093.0
E92000001,England,nation,2021-12-27,113.0,8474.0,98515.0
E92000001,England,nation,2021-12-26,99.0,7536.0,103558.0
E92000001,England,nation,2021-12-25,97.0,7166.0,113628.0
E92000001,England,nation,2021-12-24,103.0,7366.0,105069.0
E92000001,England,nation,2021-12-23,123.0,7114.0,107055.0
E92000001,England,nation,2021-12-22,121.0,7080.0,95795.0
E92000001,England,nation,2021-12-21,90.0,6902.0,80916.0
E92000001,England,nation,2021-12-20,110.0,6688.0,76065.0
E92000001,England,nation,2021-12-19,102.0,6434.0,71702.0
E92000001,England,nation,2021-12-18,91.0,6287.0,82426.0
E92000001,England,nation,2021-12-17,113.0,6321.0,83693.0
E92000001,England,nation,2021-12-16,96.0,6405.0,77299.0
E92000001,England,nation,2021-12-15,98.0,6358.0,68868.0
E92000001,England,nation,2021-12-14,124.0,6434.0,53093.0
E92000001,England,nation,2021-12-13,93.0,6395.0,44931.0
E92000001,England,nation,2021-12-12,119.0,6223.0,40713.0
E92000001,England,nation,2021-12-11,86.0,6095.0,48540.0
E92000001,England,nation,2021-12-10,97.0,6088.0,48908.0
E92000001,England,nation,2021-12-09,107.0,6130.0,43550.0
E92000001,England,nation,2021-12-08,109.0,6053.0,44019.0
E92000001,England,nation,2021-12-07,96.0,6027.0,38866.0
E92000001,England,nation,2021-12-06,111.0,5992.0,41525.0
E92000001,England,nation,2021-12-05,94.0,5903.0,37396.0
E92000001,England,nation,2021-12-04,128.0,5784.0,39949.0
E92000001,England,nation,2021-12-03,123.0,5851.0,43888.0
E92000001,England,nation,2021-12-02,94.0,5915.0,45880.0
E92000001,England,nation,2021-12-01,107.0,5829.0,41519.0
E92000001,England,nation,2021-11-30,108.0,6123.0,33590.0
E92000001,England,nation,2021-11-29,117.0,6094.0,34906.0
E92000001,England,nation,2021-11-28,104.0,5890.0,32136.0
E92000001,England,nation,2021-11-27,96.0,5852.0,35798.0
E92000001,England,nation,2021-11-26,102.0,5992.0,42272.0
E92000001,England,nation,2021-11-25,112.0,6068.0,40382.0
E92000001,England,nation,2021-11-24,104.0,6062.0,36511.0
E92000001,England,nation,2021-11-23,118.0,6257.0,36550.0
E92000001,England,nation,2021-11-22,99.0,6424.0,36478.0
E92000001,England,nation,2021-11-21,97.0,6322.0,33513.0
E92000001,England,nation,2021-11-20,105.0,6191.0,36339.0
E92000001,England,nation,2021-11-19,105.0,6310.0,37006.0
E92000001,England,nation,2021-11-18,104.0,6336.0,39315.0
E92000001,England,nation,2021-11-17,95.0,6412.0,30638.0
E92000001,England,nation,2021-11-16,134.0,6623.0,30853.0
E92000001,England,nation,2021-11-15,134.0,6864.0,31440.0
E92000001,England,nation,2021-11-14,106.0,6707.0,29404.0
E92000001,England,nation,2021-11-13,116.0,6639.0,33493.0
E92000001,England,nation,2021-11-12,105.0,6777.0,33155.0
E92000001,England,nation,2021-11-11,126.0,6861.0,35472.0
E92000001,England,nation,2021-11-10,127.0,6961.0,31541.0
E92000001,England,nation,2021-11-09,131.0,7053.0,27872.0
E92000001,England,nation,2021-11-08,127.0,7075.0,24979.0
E92000001,England,nation,2021-11-07,122.0,6910.0,23779.0
E92000001,England,nation,2021-11-06,133.0,6874.0,26250.0
E92000001,England,nation,2021-11-05,131.0,7072.0,28490.0
E92000001,England,nation,2021-11-04,130.0,7201.0,30166.0
E92000001,England,nation,2021-11-03,135.0,7291.0,34317.0
E92000001,England,nation,2021-11-02,132.0,7510.0,28531.0
E92000001,England,nation,2021-11-01,144.0,7535.0,32081.0
E92000001,England,nation,2021-10-31,151.0,7311.0,31479.0
E92000001,England,nation,2021-10-30,123.0,7155.0,36204.0
E92000001,England,nation,2021-10-29,132.0,7113.0,36853.0
E92000001,England,nation,2021-10-28,157.0,7019.0,33903.0
E92000001,England,nation,2021-10-27,140.0,6951.0,37502.0
E92000001,England,nation,2021-10-26,129.0,6883.0,32280.0
E92000001,England,nation,2021-10-25,123.0,6801.0,33309.0
E92000001,England,nation,2021-10-24,119.0,6515.0,33221.0
E92000001,England,nation,2021-10-23,130.0,6386.0,41259.0
E92000001,England,nation,2021-10-22,115.0,6405.0,41745.0
E92000001,England,nation,2021-10-21,114.0,6366.0,44363.0
E92000001,England,nation,2021-10-20,116.0,6299.0,41498.0
E92000001,England,nation,2021-10-19,109.0,6099.0,36712.0
E92000001,England,nation,2021-10-18,97.0,5938.0,39473.0
E92000001,England,nation,2021-10-17,108.0,5623.0,38543.0
E92000001,England,nation,2021-10-16,104.0,5385.0,39624.0
E92000001,England,nation,2021-10-15,107.0,5363.0,37691.0
E92000001,England,nation,2021-10-14,113.0,5289.0,38488.0
E92000001,England,nation,2021-10-13,98.0,5246.0,36458.0
E92000001,England,nation,2021-10-12,96.0,5213.0,33287.0
E92000001,England,nation,2021-10-11,97.0,5206.0,32349.0
E92000001,England,nation,2021-10-10,82.0,5077.0,31096.0
E92000001,England,nation,2021-10-09,92.0,4921.0,31259.0
E92000001,England,nation,2021-10-08,95.0,4975.0,32157.0
E92000001,England,nation,2021-10-07,95.0,4962.0,33305.0
E92000001,England,nation,2021-10-06,77.0,5009.0,33450.0
E92000001,England,nation,2021-10-05,96.0,5006.0,28846.0
E92000001,England,nation,2021-10-04,83.0,4909.0,28251.0
E92000001,England,nation,2021-10-03,78.0,4778.0,25176.0
E92000001,England,nation,2021-10-02,73.0,4652.0,26794.0
E92000001,England,nation,2021-10-01,102.0,4799.0,28836.0
E92000001,England,nation,2021-09-30,94.0,4916.0,29826.0
E92000001,England,nation,2021-09-29,93.0,5017.0,29036.0
E92000001,England,nation,2021-09-28,87.0,5126.0,28808.0
E92000001,England,nation,2021-09-27,82.0,5121.0,29329.0
E92000001,England,nation,2021-09-26,76.0,4949.0,25538.0
E92000001,England,nation,2021-09-25,89.0,5100.0,28087.0
E92000001,England,nation,2021-09-24,99.0,5036.0,28199.0
E92000001,England,nation,2021-09-23,108.0,5214.0,29045.0
E92000001,England,nation,2021-09-22,114.0,5406.0,27317.0
E92000001,England,nation,2021-09-21,98.0,5543.0,24973.0
E92000001,England,nation,2021-09-20,116.0,5727.0,26905.0
E92000001,England,nation,2021-09-19,101.0,5695.0,22173.0
E92000001,England,nation,2021-09-18,102.0,5688.0,22956.0
E92000001,England,nation,2021-09-17,130.0,5910.0,23265.0
E92000001,England,nation,2021-09-16,117.0,6081.0,22949.0
E92000001,England,nation,2021-09-15,120.0,6306.0,22078.0
E92000001,England,nation,2021-09-14,126.0,6344.0,19739.0
E92000001,England,nation,2021-09-13,77.0,6424.0,21077.0
E92000001,England,nation,2021-09-12,102.0,6253.0,19913.0
E92000001,England,nation,2021-09-11,108.0,6206.0,23825.0
E92000001,England,nation,2021-09-10,110.0,6400.0,26653.0
E92000001,England,nation,2021-09-09,137.0,6254.0,27049.0
E92000001,England,nation,2021-09-08,115.0,6302.0,29286.0
E92000001,England,nation,2021-09-07,128.0,6244.0,27545.0
E92000001,England,nation,2021-09-06,128.0,6375.0,27202.0
E92000001,England,nation,2021-09-05,122.0,6167.0,27022.0
E92000001,England,nation,2021-09-04,118.0,6043.0,29614.0
E92000001,England,nation,2021-09-03,123.0,6195.0,31726.0
E92000001,England,nation,2021-09-02,105.0,6186.0,28686.0
E92000001,England,nation,2021-09-01,102.0,6236.0,24723.0
E92000001,England,nation,2021-08-31,100.0,6293.0,20967.0
E92000001,England,nation,2021-08-30,93.0,6002.0,21324.0
E92000001,England,nation,2021-08-29,114.0,5855.0,22501.0
E92000001,England,nation,2021-08-28,105.0,5756.0,25118.0
E92000001,England,nation,2021-08-27,113.0,5889.0,27545.0
E92000001,England,nation,2021-08-26,108.0,5893.0,29417.0
E92000001,England,nation,2021-08-25,85.0,5922.0,27350.0
E92000001,England,nation,2021-08-24,104.0,5911.0,23474.0
E92000001,England,nation,2021-08-23,97.0,6000.0,24158.0
E92000001,England,nation,2021-08-22,110.0,5749.0,25952.0
E92000001,England,nation,2021-08-21,97.0,5575.0,26982.0
E92000001,England,nation,2021-08-20,108.0,5576.0,29576.0
E92000001,England,nation,2021-08-19,99.0,5554.0,29762.0
E92000001,England,nation,2021-08-18,89.0,5514.0,28648.0
E92000001,England,nation,2021-08-17,87.0,5437.0,22712.0
E92000001,England,nation,2021-08-16,78.0,5429.0,23171.0
E92000001,England,nation,2021-08-15,75.0,5115.0,22859.0
E92000001,England,nation,2021-08-14,85.0,4973.0,26700.0
E92000001,England,nation,2021-08-13,81.0,5076.0,28679.0
E92000001,England,nation,2021-08-12,91.0,5029.0,28093.0
E92000001,England,nation,2021-08-11,78.0,5073.0,26647.0
E92000001,England,nation,2021-08-10,73.0,5096.0,20630.0
E92000001,England,nation,2021-08-09,74.0,5098.0,21915.0
E92000001,England,nation,2021-08-08,67.0,4939.0,24196.0
E92000001,England,nation,2021-08-07,90.0,4817.0,25877.0
E92000001,England,nation,2021-08-06,85.0,4879.0,28321.0
E92000001,England,nation,2021-08-05,89.0,4894.0,26512.0
E92000001,England,nation,2021-08-04,79.0,4944.0,26393.0
E92000001,England,nation,2021-08-03,70.0,5116.0,19012.0
E92000001,England,nation,2021-08-02,76.0,5309.0,19175.0
E92000001,England,nation,2021-08-01,73.0,5090.0,21645.0
E92000001,England,nation,2021-07-31,73.0,5057.0,23949.0
E92000001,England,nation,2021-07-30,88.0,5111.0,26241.0
E92000001,England,nation,2021-07-29,73.0,5056.0,27524.0
E92000001,England,nation,2021-07-28,70.0,5182.0,24367.0
E92000001,England,nation,2021-07-27,61.0,5163.0,20290.0
E92000001,England,nation,2021-07-26,70.0,5055.0,22181.0
E92000001,England,nation,2021-07-25,61.0,4725.0,25434.0
E92000001,England,nation,2021-07-24,60.0,4476.0,28968.0
E92000001,England,nation,2021-07-23,68.0,4401.0,32792.0
E92000001,England,nation,2021-07-22,73.0,4230.0,35939.0
E92000001,England,nation,2021-07-21,48.0,4063.0,39504.0
E92000001,England,nation,2021-07-20,54.0,3894.0,43261.0
E92000001,England,nation,2021-07-19,76.0,3813.0,34657.0
E92000001,England,nation,2021-07-18,59.0,3546.0,44777.0
E92000001,England,nation,2021-07-17,49.0,3442.0,50955.0
E92000001,England,nation,2021-07-16,44.0,3367.0,47360.0
E92000001,England,nation,2021-07-15,45.0,3241.0,44523.0
E92000001,England,nation,2021-07-14,38.0,3110.0,37895.0
E92000001,England,nation,2021-07-13,40.0,2970.0,32883.0
E92000001,England,nation,2021-07-12,34.0,2798.0,30619.0
E92000001,England,nation,2021-07-11,28.0,2564.0,28421.0
E92000001,England,nation,2021-07-10,34.0,2429.0,29732.0
E92000001,England,nation,2021-07-09,42.0,2352.0,31231.0
E92000001,England,nation,2021-07-08,30.0,2209.0,28421.0
E92000001,England,nation,2021-07-07,28.0,2144.0,27516.0
E92000001,England,nation,2021-07-06,22.0,1998.0,25295.0
E92000001,England,nation,2021-07-05,21.0,1888.0,23286.0
E92000001,England,nation,2021-07-04,23.0,1744.0,20454.0
E92000001,England,nation,2021-07-03,27.0,1636.0,21317.0
E92000001,England,nation,2021-07-02,26.0,1611.0,22393.0
E92000001,England,nation,2021-07-01,25.0,1560.0,22948.0
E92000001,England,nation,2021-06-30,23.0,1500.0,21293.0
E92000001,England,nation,2021-06-29,21.0,1445.0,16802.0
E92000001,England,nation,2021-06-28,13.0,1465.0,18702.0
E92000001,England,nation,2021-06-27,20.0,1331.0,11560.0
E92000001,England,nation,2021-06-26,10.0,1276.0,15136.0
E92000001,England,nation,2021-06-25,21.0,1284.0,13498.0
E92000001,England,nation,2021-06-24,23.0,1274.0,13068.0
E92000001,England,nation,2021-06-23,6.0,1255.0,12765.0
E92000001,England,nation,2021-06-22,12.0,1301.0,9096.0
E92000001,England,nation,2021-06-21,11.0,1290.0,8766.0
E92000001,England,nation,2021-06-20,20.0,1168.0,7778.0
E92000001,England,nation,2021-06-19,17.0,1143.0,8954.0
E92000001,England,nation,2021-06-18,14.0,1170.0,9185.0
E92000001,England,nation,2021-06-17,7.0,1122.0,9371.0
E92000001,England,nation,2021-06-16,15.0,1057.0,7642.0
E92000001,England,nation,2021-06-15,15.0,1030.0,6486.0
E92000001,England,nation,2021-06-14,12.0,993.0,6647.0
E92000001,England,nation,2021-06-13,9.0,947.0,6269.0
E92000001,England,nation,2021-06-12,11.0,915.0,6601.0
E92000001,England,nation,2021-06-11,11.0,884.0,6782.0
E92000001,England,nation,2021-06-10,16.0,906.0,6436.0
E92000001,England,nation,2021-06-09,14.0,876.0,6201.0
E92000001,England,nation,2021-06-08,13.0,879.0,5250.0
E92000001,England,nation,2021-06-07,5.0,860.0,4913.0
E92000001,England,nation,2021-06-06,12.0,807.0,4405.0
E92000001,England,nation,2021-06-05,5.0,782.0,4810.0
E92000001,England,nation,2021-06-04,13.0,805.0,5102.0
E92000001,England,nation,2021-06-03,14.0,779.0,4310.0
E92000001,England,nation,2021-06-02,10.0,801.0,3486.0
E92000001,England,nation,2021-06-01,9.0,776.0,2539.0
E92000001,England,nation,2021-05-31,10.0,773.0,2854.0
E92000001,England,nation,2021-05-30,8.0,755.0,2621.0
E92000001,England,nation,2021-05-29,9.0,748.0,2747.0
E92000001,England,nation,2021-05-28,12.0,743.0,3434.0
E92000001,England,nation,2021-05-27,8.0,742.0,2936.0
E92000001,England,nation,2021-05-26,12.0,745.0,2540.0
E92000001,England,nation,2021-05-25,7.0,765.0,2081.0
E92000001,England,nation,2021-05-24,13.0,797.0,1972.0
E92000001,England,nation,2021-05-23,14.0,756.0,1734.0
E92000001,England,nation,2021-05-22,3.0,730.0,2242.0
E92000001,England,nation,2021-05-21,16.0,766.0,2303.0
E92000001,England,nation,2021-05-20,6.0,749.0,2307.0
E92000001,England,nation,2021-05-19,3.0,757.0,2151.0
E92000001,England,nation,2021-05-18,9.0,749.0,2008.0
E92000001,England,nation,2021-05-17,11.0,798.0,1645.0
E92000001,England,nation,2021-05-16,10.0,801.0,1471.0
E92000001,England,nation,2021-05-15,13.0,810.0,1614.0
E92000001,England,nation,2021-05-14,9.0,818.0,1828.0
E92000001,England,nation,2021-05-13,10.0,845.0,2229.0
E92000001,England,nation,2021-05-12,13.0,907.0,1804.0
E92000001,England,nation,2021-05-11,19.0,921.0,2117.0
E92000001,England,nation,2021-05-10,7.0,944.0,2009.0
E92000001,England,nation,2021-05-09,11.0,933.0,1418.0
E92000001,England,nation,2021-05-08,17.0,948.0,1742.0
E92000001,England,nation,2021-05-07,15.0,973.0,2142.0
E92000001,England,nation,2021-05-06,14.0,976.0,2194.0
E92000001,England,nation,2021-05-05,20.0,1032.0,1906.0
E92000001,England,nation,2021-05-04,14.0,1093.0,1659.0
E92000001,England,nation,2021-05-03,17.0,1096.0,1453.0
E92000001,England,nation,2021-05-02,16.0,1082.0,1377.0
E92000001,England,nation,2021-05-01,14.0,1071.0,1642.0
E92000001,England,nation,2021-04-30,16.0,1161.0,2046.0
E92000001,England,nation,2021-04-29,15.0,1235.0,2103.0
E92000001,England,nation,2021-04-28,19.0,1278.0,1829.0
E92000001,England,nation,2021-04-27,23.0,1310.0,2410.0
E92000001,England,nation,2021-04-26,19.0,1393.0,1752.0
E92000001,England,nation,2021-04-25,22.0,1377.0,1401.0
E92000001,England,nation,2021-04-24,19.0,1401.0,1804.0
E92000001,England,nation,2021-04-23,23.0,1478.0,2277.0
E92000001,England,nation,2021-04-22,28.0,1523.0,2315.0
E92000001,England,nation,2021-04-21,25.0,1609.0,1943.0
E92000001,England,nation,2021-04-20,30.0,1649.0,2169.0
E92000001,England,nation,2021-04-19,17.0,1732.0,2550.0
E92000001,England,nation,2021-04-18,27.0,1691.0,1495.0
E92000001,England,nation,2021-04-17,35.0,1735.0,1897.0
E92000001,England,nation,2021-04-16,28.0,1844.0,2225.0
E92000001,England,nation,2021-04-15,37.0,1885.0,2171.0
E92000001,England,nation,2021-04-14,26.0,1972.0,2054.0
E92000001,England,nation,2021-04-13,37.0,2057.0,2070.0
E92000001,England,nation,2021-04-12,35.0,2108.0,3222.0
E92000001,England,nation,2021-04-11,34.0,2096.0,1338.0
E92000001,England,nation,2021-04-10,36.0,2190.0,2032.0
E92000001,England,nation,2021-04-09,32.0,2321.0,2638.0
E92000001,England,nation,2021-04-08,52.0,2382.0,2486.0
E92000001,England,nation,2021-04-07,37.0,2486.0,2304.0
E92000001,England,nation,2021-04-06,37.0,2588.0,1937.0
E92000001,England,nation,2021-04-05,35.0,2680.0,2236.0
E92000001,England,nation,2021-04-04,51.0,2672.0,1954.0
E92000001,England,nation,2021-04-03,33.0,2677.0,2847.0
E92000001,England,nation,2021-04-02,38.0,2784.0,2881.0
E92000001,England,nation,2021-04-01,54.0,2928.0,3784.0
E92000001,England,nation,2021-03-31,64.0,3084.0,3327.0
E92000001,England,nation,2021-03-30,48.0,3283.0,3384.0
E92000001,England,nation,2021-03-29,58.0,3466.0,4112.0
E92000001,England,nation,2021-03-28,42.0,3438.0,3153.0
E92000001,England,nation,2021-03-27,55.0,3676.0,3813.0
E92000001,England,nation,2021-03-26,61.0,3712.0,5273.0
E92000001,England,nation,2021-03-25,68.0,3763.0,5286.0
E92000001,England,nation,2021-03-24,58.0,4005.0,4615.0
E92000001,England,nation,2021-03-23,82.0,4245.0,4583.0
E92000001,England,nation,2021-03-22,89.0,4501.0,4746.0
E92000001,England,nation,2021-03-21,108.0,4492.0,4459.0
E92000001,England,nation,2021-03-20,88.0,4589.0,4732.0
E92000001,England,nation,2021-03-19,80.0,4841.0,3809.0
E92000001,England,nation,2021-03-18,85.0,5083.0,5213.0
E92000001,England,nation,2021-03-17,104.0,5397.0,4827.0
E92000001,England,nation,2021-03-16,94.0,5664.0,4391.0
E92000001,England,nation,2021-03-15,121.0,5976.0,4264.0
E92000001,England,nation,2021-03-14,114.0,6039.0,3774.0
E92000001,England,nation,2021-03-13,123.0,6072.0,4539.0
E92000001,England,nation,2021-03-12,117.0,6391.0,5529.0
E92000001,England,nation,2021-03-11,152.0,6687.0,5744.0
E92000001,England,nation,2021-03-10,135.0,6975.0,4863.0
E92000001,England,nation,2021-03-09,160.0,7451.0,4894.0
E92000001,England,nation,2021-03-08,165.0,7847.0,3903.0
E92000001,England,nation,2021-03-07,175.0,7812.0,4497.0
E92000001,England,nation,2021-03-06,178.0,8021.0,5118.0
E92000001,England,nation,2021-03-05,203.0,8594.0,5053.0
E92000001,England,nation,2021-03-04,203.0,9092.0,5643.0
E92000001,England,nation,2021-03-03,188.0,9594.0,5408.0
E92000001,England,nation,2021-03-02,210.0,10121.0,5530.0
E92000001,England,nation,2021-03-01,253.0,10765.0,4738.0
E92000001,England,nation,2021-02-28,257.0,10663.0,5080.0
E92000001,England,nation,2021-02-27,264.0,11090.0,6527.0
E92000001,England,nation,2021-02-26,261.0,11781.0,7393.0
E92000001,England,nation,2021-02-25,307.0,12449.0,8623.0
E92000001,England,nation,2021-02-24,316.0,13007.0,8644.0
E92000001,England,nation,2021-02-23,335.0,13511.0,7292.0
E92000001,England,nation,2021-02-22,325.0,14137.0,9420.0
E92000001,England,nation,2021-02-21,355.0,14142.0,8408.0
E92000001,England,nation,2021-02-20,388.0,14316.0,8964.0
E92000001,England,nation,2021-02-19,390.0,15018.0,10296.0
E92000001,England,nation,2021-02-18,454.0,15633.0,10740.0
E92000001,England,nation,2021-02-17,437.0,16458.0,10926.0
E92000001,England,nation,2021-02-16,499.0,17093.0,9236.0
E92000001,England,nation,2021-02-15,549.0,17730.0,8609.0
E92000001,England,nation,2021-02-14,520.0,17787.0,9499.0
E92000001,England,nation,2021-02-13,512.0,17694.0,11697.0
E92000001,England,nation,2021-02-12,545.0,19009.0,13299.0
E92000001,England,nation,2021-02-11,590.0,19983.0,12001.0
E92000001,England,nation,2021-02-10,629.0,20926.0,11551.0
E92000001,England,nation,2021-02-09,628.0,22067.0,10916.0
E92000001,England,nation,2021-02-08,700.0,23020.0,12270.0
E92000001,England,nation,2021-02-07,664.0,22991.0,14466.0
E92000001,England,nation,2021-02-06,686.0,23042.0,16302.0
E92000001,England,nation,2021-02-05,769.0,24402.0,17314.0
E92000001,England,nation,2021-02-04,735.0,25334.0,18529.0
E92000001,England,nation,2021-02-03,871.0,26374.0,17265.0
E92000001,England,nation,2021-02-02,852.0,27397.0,15021.0
E92000001,England,nation,2021-02-01,892.0,28539.0,16815.0
E92000001,England,nation,2021-01-31,898.0,28112.0,19054.0
E92000001,England,nation,2021-01-30,923.0,28571.0,21089.0
E92000001,England,nation,2021-01-29,1008.0,29359.0,26709.0
E92000001,England,nation,2021-01-28,1110.0,30333.0,26182.0
E92000001,England,nation,2021-01-27,1108.0,30846.0,22914.0
E92000001,England,nation,2021-01-26,1046.0,32337.0,17920.0
E92000001,England,nation,2021-01-25,1150.0,32938.0,20149.0
E92000001,England,nation,2021-01-24,1086.0,32907.0,27580.0
E92000001,England,nation,2021-01-23,1146.0,32614.0,30496.0
E92000001,England,nation,2021-01-22,1187.0,33412.0,37115.0
E92000001,England,nation,2021-01-21,1203.0,33235.0,34371.0
E92000001,England,nation,2021-01-20,1236.0,33886.0,35061.0
E92000001,England,nation,2021-01-19,1327.0,34015.0,30371.0
E92000001,England,nation,2021-01-18,1242.0,34336.0,34134.0
E92000001,England,nation,2021-01-17,1229.0,33352.0,35263.0
E92000001,England,nation,2021-01-16,1240.0,32923.0,37759.0
E92000001,England,nation,2021-01-15,1161.0,33362.0,50741.0
E92000001,England,nation,2021-01-14,1166.0,32925.0,44358.0
E92000001,England,nation,2021-01-13,1160.0,32689.0,42898.0
E92000001,England,nation,2021-01-12,1171.0,32202.0,41121.0
E92000001,England,nation,2021-01-11,1073.0,32070.0,41835.0
E92000001,England,nation,2021-01-10,1030.0,30758.0,50291.0
E92000001,England,nation,2021-01-09,974.0,29462.0,54257.0
E92000001,England,nation,2021-01-08,922.0,29346.0,61757.0
E92000001,England,nation,2021-01-07,917.0,28246.0,46841.0
E92000001,England,nation,2021-01-06,882.0,27727.0,56060.0
E92000001,England,nation,2021-01-05,856.0,26467.0,54940.0
E92000001,England,nation,2021-01-04,790.0,26626.0,53180.0
E92000001,England,nation,2021-01-03,684.0,24957.0,46853.0
E92000001,England,nation,2021-01-02,726.0,23557.0,49248.0
E92000001,England,nation,2021-01-01,689.0,22534.0,50746.0
E92000001,England,nation,2020-12-31,701.0,22728.0,49510.0
E92000001,England,nation,2020-12-30,655.0,22713.0,43554.0
E92000001,England,nation,2020-12-29,614.0,21787.0,47164.0
E92000001,England,nation,2020-12-28,615.0,20426.0,36511.0
E92000001,England,nation,2020-12-27,612.0,19277.0,25619.0
E92000001,England,nation,2020-12-26,593.0,18350.0,31307.0
E92000001,England,nation,2020-12-25,558.0,17701.0,31560.0
E92000001,England,nation,2020-12-24,503.0,18227.0,35561.0
E92000001,England,nation,2020-12-23,519.0,17834.0,34247.0
E92000001,England,nation,2020-12-22,539.0,18063.0,32288.0
E92000001,England,nation,2020-12-21,506.0,17709.0,28742.0
E92000001,England,nation,2020-12-20,455.0,16633.0,32155.0
E92000001,England,nation,2020-12-19,457.0,16183.0,22775.0
E92000001,England,nation,2020-12-18,478.0,15866.0,24452.0
E92000001,England,nation,2020-12-17,463.0,15741.0,22401.0
E92000001,England,nation,2020-12-16,386.0,15465.0,23432.0
E92000001,England,nation,2020-12-15,408.0,15031.0,16504.0
E92000001,England,nation,2020-12-14,422.0,15053.0,17882.0
E92000001,England,nation,2020-12-13,410.0,14460.0,17164.0
E92000001,England,nation,2020-12-12,411.0,13927.0,17468.0
E92000001,England,nation,2020-12-11,424.0,13901.0,17899.0
E92000001,England,nation,2020-12-10,407.0,13796.0,17622.0
E92000001,England,nation,2020-12-09,381.0,13467.0,12960.0
E92000001,England,nation,2020-12-08,398.0,13629.0,10459.0
E92000001,England,nation,2020-12-07,379.0,13616.0,11623.0
E92000001,England,nation,2020-12-06,363.0,13189.0,14294.0
E92000001,England,nation,2020-12-05,345.0,12968.0,12666.0
E92000001,England,nation,2020-12-04,420.0,12987.0,13412.0
E92000001,England,nation,2020-12-03,410.0,12896.0,11992.0
E92000001,England,nation,2020-12-02,348.0,13212.0,13323.0
E92000001,England,nation,2020-12-01,359.0,13507.0,11618.0
E92000001,England,nation,2020-11-30,385.0,13756.0,10869.0
E92000001,England,nation,2020-11-29,423.0,13521.0,10054.0
E92000001,England,nation,2020-11-28,389.0,13208.0,13323.0
E92000001,England,nation,2020-11-27,387.0,13754.0,13557.0
E92000001,England,nation,2020-11-26,380.0,13908.0,14637.0
E92000001,England,nation,2020-11-25,436.0,14240.0,15893.0
E92000001,England,nation,2020-11-24,423.0,14506.0,9854.0
E92000001,England,nation,2020-11-23,429.0,14712.0,13329.0
E92000001,England,nation,2020-11-22,420.0,14354.0,16668.0
E92000001,England,nation,2020-11-21,413.0,14118.0,17615.0
E92000001,England,nation,2020-11-20,407.0,14236.0,17845.0
E92000001,England,nation,2020-11-19,407.0,14479.0,20291.0
E92000001,England,nation,2020-11-18,444.0,14490.0,17189.0
E92000001,England,nation,2020-11-17,378.0,14411.0,17549.0
E92000001,England,nation,2020-11-16,362.0,14313.0,19423.0
E92000001,England,nation,2020-11-15,375.0,13886.0,21998.0
E92000001,England,nation,2020-11-14,367.0,13399.0,24298.0
E92000001,England,nation,2020-11-13,352.0,13328.0,24540.0
E92000001,England,nation,2020-11-12,357.0,12967.0,30843.0
E92000001,England,nation,2020-11-11,317.0,12730.0,19970.0
E92000001,England,nation,2020-11-10,329.0,12033.0,18622.0
E92000001,England,nation,2020-11-09,404.0,12259.0,19036.0
E92000001,England,nation,2020-11-08,347.0,11680.0,18293.0
E92000001,England,nation,2020-11-07,348.0,11514.0,21875.0
E92000001,England,nation,2020-11-06,339.0,11181.0,20268.0
E92000001,England,nation,2020-11-05,300.0,10994.0,21137.0
E92000001,England,nation,2020-11-04,283.0,11037.0,21863.0
E92000001,England,nation,2020-11-03,304.0,10971.0,17330.0
E92000001,England,nation,2020-11-02,279.0,10397.0,15860.0
E92000001,England,nation,2020-11-01,283.0,9623.0,20602.0
E92000001,England,nation,2020-10-31,277.0,9782.0,18864.0
E92000001,England,nation,2020-10-30,284.0,9295.0,20821.0
E92000001,England,nation,2020-10-29,253.0,9127.0,19740.0
E92000001,England,nation,2020-10-28,228.0,9070.0,21245.0
E92000001,England,nation,2020-10-27,226.0,8595.0,19629.0
E92000001,England,nation,2020-10-26,218.0,7856.0,17883.0
E92000001,England,nation,2020-10-25,207.0,7612.0,16487.0
E92000001,England,nation,2020-10-24,174.0,7176.0,19332.0
E92000001,England,nation,2020-10-23,183.0,6842.0,17116.0
E92000001,England,nation,2020-10-22,186.0,6345.0,17354.0
E92000001,England,nation,2020-10-21,196.0,6271.0,22948.0
E92000001,England,nation,2020-10-20,177.0,6072.0,17814.0
E92000001,England,nation,2020-10-19,155.0,5644.0,16365.0
E92000001,England,nation,2020-10-18,124.0,5202.0,14704.0
E92000001,England,nation,2020-10-17,168.0,5029.0,13299.0
E92000001,England,nation,2020-10-16,125.0,4854.0,12176.0
E92000001,England,nation,2020-10-15,124.0,4569.0,16139.0
E92000001,England,nation,2020-10-14,104.0,4313.0,16132.0
E92000001,England,nation,2020-10-13,94.0,4105.0,14310.0
E92000001,England,nation,2020-10-12,94.0,3827.0,11647.0
E92000001,England,nation,2020-10-11,106.0,3604.0,10383.0
E92000001,England,nation,2020-10-10,87.0,3369.0,12628.0
E92000001,England,nation,2020-10-09,82.0,3238.0,10772.0
E92000001,England,nation,2020-10-08,80.0,3179.0,14952.0
E92000001,England,nation,2020-10-07,88.0,3066.0,11528.0
E92000001,England,nation,2020-10-06,69.0,2903.0,12648.0
E92000001,England,nation,2020-10-05,54.0,2705.0,10685.0
E92000001,England,nation,2020-10-04,55.0,2435.0,21309.0
E92000001,England,nation,2020-10-03,56.0,2290.0,10806.0
E92000001,England,nation,2020-10-02,69.0,2180.0,4797.0
E92000001,England,nation,2020-10-01,56.0,2069.0,5589.0
E92000001,England,nation,2020-09-30,53.0,2036.0,5656.0
E92000001,England,nation,2020-09-29,42.0,1954.0,5651.0
E92000001,England,nation,2020-09-28,47.0,1955.0,3316.0
E92000001,England,nation,2020-09-27,49.0,1793.0,4800.0
E92000001,England,nation,2020-09-26,43.0,1689.0,4639.0
E92000001,England,nation,2020-09-25,35.0,1686.0,5723.0
E92000001,England,nation,2020-09-24,33.0,1546.0,5632.0
E92000001,England,nation,2020-09-23,52.0,1439.0,5083.0
E92000001,England,nation,2020-09-22,32.0,1378.0,4187.0
E92000001,England,nation,2020-09-21,26.0,1299.0,3754.0
E92000001,England,nation,2020-09-20,34.0,1174.0,3279.0
E92000001,England,nation,2020-09-19,22.0,1081.0,3638.0
E92000001,England,nation,2020-09-18,25.0,1020.0,3771.0
E92000001,England,nation,2020-09-17,34.0,984.0,2788.0
E92000001,England,nation,2020-09-16,25.0,929.0,3396.0
E92000001,England,nation,2020-09-15,22.0,891.0,2649.0
E92000001,England,nation,2020-09-14,17.0,812.0,2259.0
E92000001,England,nation,2020-09-13,18.0,691.0,2837.0
E92000001,England,nation,2020-09-12,21.0,663.0,3008.0
E92000001,England,nation,2020-09-11,15.0,622.0,3143.0
E92000001,England,nation,2020-09-10,15.0,572.0,2578.0
E92000001,England,nation,2020-09-09,10.0,557.0,2286.0
E92000001,England,nation,2020-09-08,15.0,535.0,2094.0
E92000001,England,nation,2020-09-07,20.0,555.0,2528.0
E92000001,England,nation,2020-09-06,13.0,483.0,2576.0
E92000001,England,nation,2020-09-05,12.0,471.0,1477.0
E92000001,England,nation,2020-09-04,14.0,474.0,1669.0
E92000001,England,nation,2020-09-03,6.0,468.0,1507.0
E92000001,England,nation,2020-09-02,13.0,451.0,1239.0
E92000001,England,nation,2020-09-01,9.0,496.0,1041.0
E92000001,England,nation,2020-08-31,16.0,495.0,1149.0
E92000001,England,nation,2020-08-30,8.0,479.0,1487.0
E92000001,England,nation,2020-08-29,8.0,478.0,891.0
E92000001,England,nation,2020-08-28,11.0,469.0,1106.0
E92000001,England,nation,2020-08-27,11.0,492.0,1350.0
E92000001,England,nation,2020-08-26,15.0,485.0,875.0
E92000001,England,nation,2020-08-25,19.0,500.0,1065.0
E92000001,England,nation,2020-08-24,8.0,522.0,758.0
E92000001,England,nation,2020-08-23,16.0,522.0,938.0
E92000001,England,nation,2020-08-22,11.0,594.0,1060.0
E92000001,England,nation,2020-08-21,9.0,528.0,908.0
E92000001,England,nation,2020-08-20,16.0,551.0,1035.0
E92000001,England,nation,2020-08-19,10.0,571.0,707.0
E92000001,England,nation,2020-08-18,11.0,597.0,975.0
E92000001,England,nation,2020-08-17,19.0,626.0,634.0
E92000001,England,nation,2020-08-16,12.0,634.0,952.0
E92000001,England,nation,2020-08-15,21.0,630.0,934.0
E92000001,England,nation,2020-08-14,15.0,642.0,1284.0
E92000001,England,nation,2020-08-13,18.0,652.0,1059.0
E92000001,England,nation,2020-08-12,20.0,642.0,925.0
E92000001,England,nation,2020-08-11,20.0,672.0,1035.0
E92000001,England,nation,2020-08-10,23.0,714.0,699.0
E92000001,England,nation,2020-08-09,18.0,611.0,988.0
E92000001,England,nation,2020-08-08,18.0,650.0,679.0
E92000001,England,nation,2020-08-07,19.0,711.0,796.0
E92000001,England,nation,2020-08-06,17.0,756.0,826.0
E92000001,England,nation,2020-08-05,7.0,805.0,804.0
E92000001,England,nation,2020-08-04,20.0,807.0,617.0
E92000001,England,nation,2020-08-03,19.0,842.0,856.0
E92000001,England,nation,2020-08-02,15.0,847.0,676.0
E92000001,England,nation,2020-08-01,16.0,879.0,722.0
E92000001,England,nation,2020-07-31,26.0,870.0,814.0
E92000001,England,nation,2020-07-30,14.0,898.0,812.0
E92000001,England,nation,2020-07-29,21.0,927.0,700.0
E92000001,England,nation,2020-07-28,20.0,944.0,547.0
E92000001,England,nation,2020-07-27,16.0,945.0,616.0
E92000001,England,nation,2020-07-26,28.0,965.0,721.0
E92000001,England,nation,2020-07-25,20.0,977.0,710.0
E92000001,England,nation,2020-07-24,17.0,1018.0,688.0
E92000001,England,nation,2020-07-23,33.0,1095.0,702.0
E92000001,England,nation,2020-07-22,34.0,1305.0,519.0
E92000001,England,nation,2020-07-21,30.0,1188.0,399.0
E92000001,England,nation,2020-07-20,29.0,1278.0,535.0
E92000001,England,nation,2020-07-19,22.0,1301.0,672.0
E92000001,England,nation,2020-07-18,28.0,1321.0,796.0
E92000001,England,nation,2020-07-17,31.0,1346.0,635.0
E92000001,England,nation,2020-07-16,18.0,1348.0,597.0
E92000001,England,nation,2020-07-15,39.0,1489.0,506.0
E92000001,England,nation,2020-07-14,38.0,1506.0,372.0
E92000001,England,nation,2020-07-13,42.0,1612.0,497.0
E92000001,England,nation,2020-07-12,29.0,1611.0,615.0
E92000001,England,nation,2020-07-11,33.0,1640.0,806.0
E92000001,England,nation,2020-07-10,42.0,1746.0,480.0
E92000001,England,nation,2020-07-09,56.0,1801.0,617.0
E92000001,England,nation,2020-07-08,44.0,1888.0,606.0
E92000001,England,nation,2020-07-07,41.0,2010.0,572.0
E92000001,England,nation,2020-07-06,48.0,2099.0,331.0
E92000001,England,nation,2020-07-05,44.0,2100.0,492.0
E92000001,England,nation,2020-07-04,46.0,2152.0,579.0
E92000001,England,nation,2020-07-03,45.0,2294.0,502.0
E92000001,England,nation,2020-07-02,55.0,2410.0,523.0
E92000001,England,nation,2020-07-01,44.0,2509.0,177.0
E92000001,England,nation,2020-06-30,71.0,2665.0,196.0
E92000001,England,nation,2020-06-29,63.0,3024.0,99.0
E92000001,England,nation,2020-06-28,62.0,2818.0,142.0
E92000001,England,nation,2020-06-27,61.0,2819.0,192.0
E92000001,England,nation,2020-06-26,70.0,2859.0,175.0
E92000001,England,nation,2020-06-25,97.0,3066.0,261.0
E92000001,England,nation,2020-06-24,93.0,3223.0,107.0
E92000001,England,nation,2020-06-23,89.0,3288.0,210.0
E92000001,England,nation,2020-06-22,74.0,3417.0,178.0
E92000001,England,nation,2020-06-21,67.0,3373.0,215.0
E92000001,England,nation,2020-06-20,76.0,3423.0,324.0
E92000001,England,nation,2020-06-19,76.0,3575.0,323.0
E92000001,England,nation,2020-06-18,79.0,3681.0,281.0
E92000001,England,nation,2020-06-17,91.0,3826.0,252.0
E92000001,England,nation,2020-06-16,103.0,3934.0,252.0
E92000001,England,nation,2020-06-15,92.0,3920.0,219.0
E92000001,England,nation,2020-06-14,119.0,3973.0,292.0
E92000001,England,nation,2020-06-13,85.0,4000.0,372.0
E92000001,England,nation,2020-06-12,122.0,4136.0,392.0
E92000001,England,nation,2020-06-11,108.0,4179.0,304.0
E92000001,England,nation,2020-06-10,142.0,4447.0,63.0
E92000001,England,nation,2020-06-09,127.0,4665.0,651.0
E92000001,England,nation,2020-06-08,142.0,4830.0,92.0
E92000001,England,nation,2020-06-07,137.0,4820.0,228.0
E92000001,England,nation,2020-06-06,129.0,5004.0,422.0
E92000001,England,nation,2020-06-05,160.0,5213.0,451.0
E92000001,England,nation,2020-06-04,163.0,5398.0,431.0
E92000001,England,nation,2020-06-03,179.0,5600.0,462.0
E92000001,England,nation,2020-06-02,204.0,5827.0,444.0
E92000001,England,nation,2020-06-01,179.0,5954.0,294.0
E92000001,England,nation,2020-05-31,175.0,5933.0,320.0
E92000001,England,nation,2020-05-30,188.0,5972.0,715.0
E92000001,England,nation,2020-05-29,216.0,6250.0,560.0
E92000001,England,nation,2020-05-28,241.0,6528.0,519.0
E92000001,England,nation,2020-05-27,233.0,6836.0,609.0
E92000001,England,nation,2020-05-26,260.0,7305.0,492.0
E92000001,England,nation,2020-05-25,240.0,7448.0,494.0
E92000001,England,nation,2020-05-24,234.0,7415.0,584.0
E92000001,England,nation,2020-05-23,255.0,7428.0,979.0
E92000001,England,nation,2020-05-22,256.0,7761.0,1083.0
E92000001,England,nation,2020-05-21,286.0,7903.0,854.0
E92000001,England,nation,2020-05-20,303.0,8115.0,824.0
E92000001,England,nation,2020-05-19,316.0,8518.0,857.0
E92000001,England,nation,2020-05-18,344.0,8668.0,816.0
E92000001,England,nation,2020-05-17,316.0,8611.0,788.0
E92000001,England,nation,2020-05-16,351.0,8643.0,1136.0
E92000001,England,nation,2020-05-15,359.0,9079.0,1112.0
E92000001,England,nation,2020-05-14,373.0,9231.0,1189.0
E92000001,England,nation,2020-05-13,373.0,9602.0,1146.0
E92000001,England,nation,2020-05-12,380.0,9791.0,1067.0
E92000001,England,nation,2020-05-11,355.0,10109.0,891.0
E92000001,England,nation,2020-05-10,423.0,9893.0,1007.0
E92000001,England,nation,2020-05-09,463.0,10176.0,1349.0
E92000001,England,nation,2020-05-08,482.0,10249.0,1694.0
E92000001,England,nation,2020-05-07,535.0,10726.0,2133.0
E92000001,England,nation,2020-05-06,524.0,11227.0,1611.0
E92000001,England,nation,2020-05-05,537.0,11754.0,1842.0
E92000001,England,nation,2020-05-04,562.0,12020.0,1485.0
E92000001,England,nation,2020-05-03,556.0,12119.0,2019.0
E92000001,England,nation,2020-05-02,590.0,12314.0,2228.0
E92000001,England,nation,2020-05-01,661.0,12623.0,2501.0
E92000001,England,nation,2020-04-30,660.0,12922.0,2484.0
E92000001,England,nation,2020-04-29,699.0,13224.0,1403.0
E92000001,England,nation,2020-04-28,701.0,13565.0,1989.0
E92000001,England,nation,2020-04-27,724.0,14255.0,2264.0
E92000001,England,nation,2020-04-26,763.0,14174.0,2152.0
E92000001,England,nation,2020-04-25,771.0,14202.0,2826.0
E92000001,England,nation,2020-04-24,874.0,14642.0,3004.0
E92000001,England,nation,2020-04-23,893.0,15402.0,3084.0
E92000001,England,nation,2020-04-22,939.0,16018.0,3020.0
E92000001,England,nation,2020-04-21,916.0,16517.0,3087.0
E92000001,England,nation,2020-04-20,992.0,16654.0,2401.0
E92000001,England,nation,2020-04-19,967.0,16928.0,3607.0
E92000001,England,nation,2020-04-18,1030.0,16850.0,3548.0
E92000001,England,nation,2020-04-17,1107.0,16728.0,3985.0
E92000001,England,nation,2020-04-16,1147.0,17783.0,3118.0
E92000001,England,nation,2020-04-15,1100.0,17934.0,3188.0
E92000001,England,nation,2020-04-14,1080.0,18552.0,3854.0
E92000001,England,nation,2020-04-13,1076.0,18621.0,2999.0
E92000001,England,nation,2020-04-12,1208.0,18974.0,3672.0
E92000001,England,nation,2020-04-11,1203.0,18604.0,3841.0
E92000001,England,nation,2020-04-10,1163.0,18669.0,4263.0
E92000001,England,nation,2020-04-09,1177.0,18423.0,3798.0
E92000001,England,nation,2020-04-08,1286.0,18152.0,4788.0
E92000001,England,nation,2020-04-07,1145.0,17814.0,2978.0
E92000001,England,nation,2020-04-06,1025.0,17154.0,3176.0
E92000001,England,nation,2020-04-05,1063.0,16657.0,5107.0
E92000001,England,nation,2020-04-04,1023.0,15469.0,2910.0
E92000001,England,nation,2020-04-03,927.0,13635.0,3576.0
E92000001,England,nation,2020-04-02,892.0,12135.0,3583.0
E92000001,England,nation,2020-04-01,826.0,12059.0,3630.0
E92000001,England,nation,2020-03-31,741.0,11154.0,2414.0
E92000001,England,nation,2020-03-30,631.0,9852.0,2107.0
E92000001,England,nation,2020-03-29,531.0,8424.0,2060.0
E92000001,England,nation,2020-03-28,449.0,7269.0,2139.0
E92000001,England,nation,2020-03-27,416.0,6462.0,2506.0
E92000001,England,nation,2020-03-26,370.0,5226.0,1809.0
E92000001,England,nation,2020-03-25,299.0,4402.0,1130.0
E92000001,England,nation,2020-03-24,237.0,3598.0,1258.0
E92000001,England,nation,2020-03-23,188.0,3183.0,793.0
E92000001,England,nation,2020-03-22,172.0,2670.0,535.0
E92000001,England,nation,2020-03-21,126.0,2152.0,873.0
E92000001,England,nation,2020-03-20,109.0,1580.0,628.0
E92000001,England,nation,2020-03-19,71.0,,574.0
E92000001,England,nation,2020-03-18,66.0,,625.0
E92000001,England,nation,2020-03-17,54.0,,361.0
E92000001,England,nation,2020-03-16,44.0,,97.0
E92000001,England,nation,2020-03-15,28.0,,253.0
E92000001,England,nation,2020-03-14,19.0,,201.0
E92000001,England,nation,2020-03-13,16.0,,159.0
E92000001,England,nation,2020-03-12,11.0,,99.0
E92000001,England,nation,2020-03-11,7.0,,63.0
E92000001,England,nation,2020-03-10,3.0,,46.0
E92000001,England,nation,2020-03-09,5.0,,40.0
E92000001,England,nation,2020-03-08,2.0,,58.0
E92000001,England,nation,2020-03-07,0.0,,39.0
E92000001,England,nation,2020-03-06,2.0,,39.0
E92000001,England,nation,2020-03-05,2.0,,25.0
E92000001,England,nation,2020-03-04,1.0,,32.0
E92000001,England,nation,2020-03-03,0.0,,11.0
E92000001,England,nation,2020-03-02,1.0,,4.0
E92000001,England,nation,2020-03-01,0.0,,12.0
E92000001,England,nation,2020-02-29,0.0,,3.0
E92000001,England,nation,2020-02-28,0.0,,5.0
E92000001,England,nation,2020-02-27,0.0,,0.0
E92000001,England,nation,2020-02-26,0.0,,0.0
E92000001,England,nation,2020-02-25,0.0,,0.0
E92000001,England,nation,2020-02-24,0.0,,4.0
E92000001,England,nation,2020-02-23,0.0,,0.0
E92000001,England,nation,2020-02-22,1.0,,0.0
E92000001,England,nation,2020-02-21,0.0,,0.0
E92000001,England,nation,2020-02-20,0.0,,0.0
E92000001,England,nation,2020-02-19,0.0,,0.0
E92000001,England,nation,2020-02-18,0.0,,0.0
E92000001,England,nation,2020-02-17,0.0,,0.0
E92000001,England,nation,2020-02-16,0.0,,0.0
E92000001,England,nation,2020-02-15,0.0,,0.0
E92000001,England,nation,2020-02-14,0.0,,0.0
E92000001,England,nation,2020-02-13,0.0,,1.0
E92000001,England,nation,2020-02-12,0.0,,0.0
E92000001,England,nation,2020-02-11,0.0,,0.0
E92000001,England,nation,2020-02-10,0.0,,4.0
E92000001,England,nation,2020-02-09,0.0,,1.0
E92000001,England,nation,2020-02-08,0.0,,0.0
E92000001,England,nation,2020-02-07,0.0,,0.0
E92000001,England,nation,2020-02-06,0.0,,1.0
E92000001,England,nation,2020-02-05,0.0,,0.0
E92000001,England,nation,2020-02-04,0.0,,0.0
E92000001,England,nation,2020-02-03,0.0,,0.0
E92000001,England,nation,2020-02-02,1.0,,0.0
E92000001,England,nation,2020-02-01,0.0,,0.0
E92000001,England,nation,2020-01-31,0.0,,2.0
E92000001,England,nation,2020-01-30,1.0,,
